id,title,text,url,top_img,authors,source,publish_date,movies,images,canonical_link,meta_data,original_sentiment,num_words,avg_sentiment_per_word,avg_generated_sentiment_temp0,avg_num_words_gen_temp0,avg_gen_sentiment_per_word_temp0,avg_generated_sentiment_temp0.5,avg_num_words_gen_temp0.5,avg_gen_sentiment_per_word_temp0.5,avg_generated_sentiment_temp1,avg_num_words_gen_temp1,avg_gen_sentiment_per_word_temp1,diff_sentiment_temp0,diff_sentiment_temp0.5,diff_sentiment_temp1,Unnamed: 27,Unnamed: 28,Unnamed: 29,Unnamed: 30,Unnamed: 31,Unnamed: 32,Unnamed: 33,Unnamed: 34,is_outlier_zscore
Fake_27-Webpage,How Democrats are Going to Try to STEAL the Election for Hillary – Eagle Rising,"In every state there is a law governing the method and procedure for conducting elections. The National Democratic Party, a “powerful hate group,” has been engaged in an all-out effort to steal elections, by any means available.

[ Read Related Article: The Democratic Party: America’s Most Powerful HATE Group

As a Christian and Constitutional Conservative who has studied political science and understands what the Democrats are plotting, it is this author’s contention that the party and its leaders are hell-bent to establish a socialist dictatorship in the United States, and will stop at nothing, including voter fraud, ballot stuffing, and any other illegal means to get “Hillary the Horrible” into the Presidency in the November, 2016 election.

A proper procedure for the conduct of any free election is to encourage any and all citizens to vote. However, it is an evil abomination for anyone – especially the Democratic Party, which is actively engaging in all-out efforts to rig and steal the November election for President – to advocate voting procedures that encourage and enable voting fraud.

The proper procedure for any election is a free but fair and honest election. Only those citizens who are properly registered and eligible to vote should be allowed to do so. This translates rather simply to requiring a simple and easy-to-obtain photo ID that is difficult to forge, that requires the voter to show proof that they are a citizen, a legal resident and eligible to vote. The Democratic Party opposes this for a very simple reason; the party wants people who are potential Democratic Party voters – but not eligible, not registered, not even who they claim to be, or not even citizens – to vote so the party can steal the election and install the evil, tyrannical and demonic candidate, Hillary the Horrible, to become the next and last President of the soon-to-be-extinct United States of America.

Due to the unfortunate fact that the Democratic Party, the Obama administration, our treasonous Congress, and our abominably corrupt federal court system, have suppressed any and all attempts to enact laws and procedures to ensure fair and honest elections, the American people have as our only recourse in the November election, to volunteer en mass to monitor the polling places across our nation to prevent voter fraud to the greatest extent possible.

Donald Trump, despite his flaws and shortcomings, has made his positions very clear, including an outstanding and patriotic, common sense speech delivered at a campaign rally on Friday, September 23; he loves this country and his mission is to save her from destruction and tyranny. The Democratic Party, America’s most powerful “Hate Group,” not only wants “Hillary the Horrible” to be elected and transform America into a dictatorship and Hell on Earth, but the party will steal the election if allowed.

Let us agree that November 8, 2016 is the last chance to avoid or at least delay, the destruction of our 240-year-old republic, and given the evil, corrupt and hatred of all things good that the National Democratic Party stands for, citizens in every voting precinct in America who value Constitutional Conservatism and our Judeo-Christian cultural heritage, must volunteer to monitor the election polls. If Trump is to win, and Hillary the Horrible to be defeated, we cannot allow the evil and corrupt National Democratic Party to commit fraud, which this author believes they will do with reckless abandon if not watched with a very sharp eye by the Conservative Pro-American public.

The views expressed in this opinion article are solely those of their author and are not necessarily either shared or endorsed by EagleRising.com",http://eaglerising.com/37044/how-democrats-are-going-to-try-to-steal-the-election-for-hillary/,http://eaglerising.com/wp-content/uploads/2016/09/steal.jpg,"View All Posts,Dale Summitt",http://eaglerising.com,{'$date': 1474874132000},,"http://constitution.com/wp-content/uploads/2017/08/confederatemonument_poll_pop.jpg,http://2lv0hm3wvpix464wwy2zh7d1.wpengine.netdna-cdn.com/wp-content/uploads/2016/09/steal-800x300.jpg,http://2lv0hm3wvpix464wwy2zh7d1.wpengine.netdna-cdn.com/wp-content/uploads/2017/04/crtv_300x600_2.jpg,http://2lv0hm3wvpix464wwy2zh7d1.wpengine.netdna-cdn.com/wp-content/uploads/2016/03/eagle-rising-logo3-1.png,http://2lv0hm3wvpix464wwy2zh7d1.wpengine.netdna-cdn.com/wp-content/uploads/wordpress-popular-posts/46729-featured-300x130.jpg,http://2lv0hm3wvpix464wwy2zh7d1.wpengine.netdna-cdn.com/wp-content/uploads/wordpress-popular-posts/46764-featured-300x130.jpg,http://2lv0hm3wvpix464wwy2zh7d1.wpengine.netdna-cdn.com/wp-content/uploads/wordpress-popular-posts/46731-featured-300x130.jpg,http://2lv0hm3wvpix464wwy2zh7d1.wpengine.netdna-cdn.com/wp-content/uploads/wordpress-popular-posts/46745-featured-300x130.jpg,http://pixel.quantserve.com/pixel/p-52ePUfP6_NxQ_.gif,http://2lv0hm3wvpix464wwy2zh7d1.wpengine.netdna-cdn.com/wp-content/uploads/wordpress-popular-posts/46654-featured-300x130.jpg,http://2lv0hm3wvpix464wwy2zh7d1.wpengine.netdna-cdn.com/wp-content/uploads/2016/09/cascade-mall-shooting-375x195.jpg,http://eaglerising.com/wp-content/uploads/2016/09/steal.jpg,http://2lv0hm3wvpix464wwy2zh7d1.wpengine.netdna-cdn.com/wp-content/uploads/2016/09/trump-clinton-debate-375x195.jpg,http://b.scorecardresearch.com/p?c1=2&c2=22315475&cv=2.0&cj=1,http://2lv0hm3wvpix464wwy2zh7d1.wpengine.netdna-cdn.com/wp-content/uploads/wordpress-popular-posts/46750-featured-300x130.jpg,http://2lv0hm3wvpix464wwy2zh7d1.wpengine.netdna-cdn.com/wp-content/uploads/wordpress-popular-posts/46612-featured-300x130.jpg,http://2lv0hm3wvpix464wwy2zh7d1.wpengine.netdna-cdn.com/wp-content/uploads/wordpress-popular-posts/46761-featured-300x130.jpg,http://2lv0hm3wvpix464wwy2zh7d1.wpengine.netdna-cdn.com/wp-content/uploads/wordpress-popular-posts/46642-featured-300x130.jpg,http://2lv0hm3wvpix464wwy2zh7d1.wpengine.netdna-cdn.com/wp-content/uploads/wordpress-popular-posts/46735-featured-300x130.jpg,http://2lv0hm3wvpix464wwy2zh7d1.wpengine.netdna-cdn.com/wp-content/uploads/wordpress-popular-posts/46755-featured-300x130.jpg,http://2lv0hm3wvpix464wwy2zh7d1.wpengine.netdna-cdn.com/wp-content/uploads/wordpress-popular-posts/46752-featured-300x130.png,http://2lv0hm3wvpix464wwy2zh7d1.wpengine.netdna-cdn.com/wp-content/uploads/wordpress-popular-posts/46748-featured-300x130.png,http://2lv0hm3wvpix464wwy2zh7d1.wpengine.netdna-cdn.com/wp-content/uploads/wordpress-popular-posts/46715-featured-300x130.jpg,http://2lv0hm3wvpix464wwy2zh7d1.wpengine.netdna-cdn.com/wp-content/uploads/wordpress-popular-posts/46743-featured-300x130.jpg,http://2lv0hm3wvpix464wwy2zh7d1.wpengine.netdna-cdn.com/wp-content/uploads/wordpress-popular-posts/46712-featured-300x130.jpg,http://1.gravatar.com/avatar/aaaf170c143ea4d693cc3e515a306191?s=112&d=mm&r=g,http://2lv0hm3wvpix464wwy2zh7d1.wpengine.netdna-cdn.com/wp-content/uploads/wordpress-popular-posts/46757-featured-300x130.png,http://1.gravatar.com/avatar/aaaf170c143ea4d693cc3e515a306191?s=100&d=mm&r=g",http://eaglerising.com/37044/how-democrats-are-going-to-try-to-steal-the-election-for-hillary/,"{""description"": ""The Democratic Party not only wants Hillary to be elected to transform America into a dictatorship, but the party will steal the election if allowed."", ""og"": {""site_name"": ""Eagle Rising"", ""description"": ""The Democratic Party not only wants Hillary to be elected to transform America into a dictatorship, but the party will steal the election if allowed."", ""title"": ""How Democrats are Going to Try to STEAL the Election for Hillary"", ""locale"": ""en_US"", ""image"": ""http://eaglerising.com/wp-content/uploads/2016/09/steal.jpg"", ""updated_time"": ""2016-09-26T12:10:48+00:00"", ""url"": ""http://eaglerising.com/37044/how-democrats-are-going-to-try-to-steal-the-election-for-hillary/"", ""type"": ""article""}, ""robots"": ""noimageindex"", ""fb"": {""app_id"": 256195528075351, ""pages"": 135665053303678}, ""article"": {""section"": ""2016 Election"", ""tag"": ""Hillary Clinton"", ""published_time"": ""2016-09-26T07:15:32+00:00"", ""modified_time"": ""2016-09-26T12:10:48+00:00""}, ""viewport"": ""initial-scale=1,maximum-scale=1,user-scalable=no"", ""googlebot"": ""noimageindex""}",-52,678,-0.076696165,7.2,719.2,0.00959471,15.8,725.8,0.021315521,6.4,719.0,0.009248139,0.086290875,0.098011687,0.085944304,,,,,,,,,True
Fake_51-Webpage,"Two White Men Doused With Gasoline, Set On FIRE By Blacks","61.3k SHARES Facebook Twitter

Update: Buzzfeed has deemed that our description of the crime and the victims is false. We have utterly debunked Buzzfeed’s claims. You can view our followup article here.

~~~

You can’t make this stuff up. People used to tell crazy stories, but have no way to prove if the story was true or not.

Then along came video.

This is by far one of the craziest things I’ve ever seen. These guys are out in the middle of the street and it looks like there was supposed to be a fight of some sort. Because you know how fights are, they’re even better when they’re in the middle of a major road.

Out of nowhere someone lights them on fire.

LIGHTS. THEM. ON. FIRE.

And they’re still in the middle of the road, running around like crazy where they may get hit by a car.

Nothing but absolute chaos and easily one of the most disturbing things I’ve watched since the Casey Anthony trial.

What goes through someone’s deplorable brain when they’re thinking – well right about now is a great time to light these guys on fire. Yup, let’s just toss this cocktail over on them and watch the men burn.

Who carries the items needed for a good Molotov cocktail anyway? Was this premeditated? It’s not like I have the items needed for a good cocktail laying around unless it’s a Bloody Mary on a Sunday morning.

Back in the day, when people were a lot smarter and America was great, this would have been a lot different.

If you see two people about to fight and they’re in the street, then the good people will make sure that the people fighting aren’t getting hit by a car. The good people used to make sure it was a fair fight and would stop the fight when it got out of hand.

That was when people were a lot smarter and had more human nature to them.

Nowadays everyone whips out the cell phone and let’s a slightly bad situation turn into the worst possible situation just so they can grab a viral video out of it.

No one cares anymore.

Time to start caring about people and stop lighting them on fire.",http://freedomdaily.com/white-men-set-on-fire-by-blacks-media-censored/,http://freedomdaily.com/wp-content/uploads/2016/09/whites-on-fire.jpg,,http://freedomdaily.com,{'$date': 1474663910000},,"http://1csabj4ddrd61fgqez2e4nss.wpengine.netdna-cdn.com/wp-content/uploads/2017/08/nimrod-218x150.jpg,http://constitution.com/wp-content/uploads/2017/08/confederatemonument_poll_pop.jpg,http://1csabj4ddrd61fgqez2e4nss.wpengine.netdna-cdn.com/wp-content/uploads/2017/08/lecutre-cover-218x150.jpg,http://1csabj4ddrd61fgqez2e4nss.wpengine.netdna-cdn.com/wp-content/uploads/wordpress-popular-posts/274034-featured-300x130.jpg,http://1csabj4ddrd61fgqez2e4nss.wpengine.netdna-cdn.com/wp-content/uploads/wordpress-popular-posts/274036-featured-300x130.jpg,http://1csabj4ddrd61fgqez2e4nss.wpengine.netdna-cdn.com/wp-content/uploads/2017/08/kneeling-cover-218x150.jpg,http://1csabj4ddrd61fgqez2e4nss.wpengine.netdna-cdn.com/wp-content/uploads/2017/08/1-33-218x150.jpg,http://1csabj4ddrd61fgqez2e4nss.wpengine.netdna-cdn.com/wp-content/uploads/wordpress-popular-posts/274161-featured-300x130.jpg,http://1csabj4ddrd61fgqez2e4nss.wpengine.netdna-cdn.com/wp-content/uploads/2017/07/trans-vs-marines-2-100x70.jpg,http://1csabj4ddrd61fgqez2e4nss.wpengine.netdna-cdn.com/wp-content/uploads/2017/07/foxxconn-lib-woman-freak-lol-main-100x70.jpg,http://1csabj4ddrd61fgqez2e4nss.wpengine.netdna-cdn.com/wp-content/uploads/2017/08/1-88-100x70.jpg,http://1csabj4ddrd61fgqez2e4nss.wpengine.netdna-cdn.com/wp-content/uploads/2017/08/carls-sick-food-main-218x150.jpg,http://1csabj4ddrd61fgqez2e4nss.wpengine.netdna-cdn.com/wp-content/uploads/wordpress-popular-posts/273961-featured-300x130.jpg,http://1csabj4ddrd61fgqez2e4nss.wpengine.netdna-cdn.com/wp-content/uploads/2017/08/salzman-1-transgender-main-100x70.jpg,http://1csabj4ddrd61fgqez2e4nss.wpengine.netdna-cdn.com/wp-content/uploads/2017/08/thug-vs-teacher-82717-main-218x150.jpg,http://1csabj4ddrd61fgqez2e4nss.wpengine.netdna-cdn.com/wp-content/uploads/2017/08/lefties-cry--218x150.jpg,http://1csabj4ddrd61fgqez2e4nss.wpengine.netdna-cdn.com/wp-content/uploads/2017/08/marine-cover2-218x150.jpg,http://1csabj4ddrd61fgqez2e4nss.wpengine.netdna-cdn.com/wp-content/uploads/2017/08/soldiers-usa-congress-324x160.jpg,http://1csabj4ddrd61fgqez2e4nss.wpengine.netdna-cdn.com/wp-content/uploads/wordpress-popular-posts/274096-featured-300x130.jpg,http://0.gravatar.com/avatar/c331cb69f1ff914e1e9662203f4e6294?s=100&r=pg,http://freedomdaily.com/wp-content/uploads/2016/09/whites-on-fire.jpg,http://1csabj4ddrd61fgqez2e4nss.wpengine.netdna-cdn.com/wp-content/uploads/2017/08/1-project-hero-main-218x150.jpg,http://1csabj4ddrd61fgqez2e4nss.wpengine.netdna-cdn.com/wp-content/uploads/2017/08/1-88-218x150.jpg,http://1csabj4ddrd61fgqez2e4nss.wpengine.netdna-cdn.com/wp-content/uploads/2017/08/1-90-324x160.jpg,http://1csabj4ddrd61fgqez2e4nss.wpengine.netdna-cdn.com/wp-content/uploads/wordpress-popular-posts/274106-featured-300x130.jpg,http://b.scorecardresearch.com/p?c1=2&c2=22315475&cv=2.0&cj=1,http://1csabj4ddrd61fgqez2e4nss.wpengine.netdna-cdn.com/wp-content/uploads/wordpress-popular-posts/274126-featured-300x130.jpg,http://1csabj4ddrd61fgqez2e4nss.wpengine.netdna-cdn.com/wp-content/uploads/2017/08/trump-leaving-marine-meeting-main-218x150.jpg,http://1csabj4ddrd61fgqez2e4nss.wpengine.netdna-cdn.com/wp-content/uploads/2017/08/kissimmee-police-antifa-main-324x160.jpg,http://1csabj4ddrd61fgqez2e4nss.wpengine.netdna-cdn.com/wp-content/uploads/2017/08/1-86-100x70.jpg,http://1csabj4ddrd61fgqez2e4nss.wpengine.netdna-cdn.com/wp-content/uploads/wordpress-popular-posts/274098-featured-300x130.jpg,http://1csabj4ddrd61fgqez2e4nss.wpengine.netdna-cdn.com/wp-content/uploads/2017/08/1-project-hero-main-100x70.jpg,http://1csabj4ddrd61fgqez2e4nss.wpengine.netdna-cdn.com/wp-content/uploads/2017/07/military-plane-fireworks-218x150.jpg,http://1csabj4ddrd61fgqez2e4nss.wpengine.netdna-cdn.com/wp-content/uploads/2017/08/soldiers-usa-congress-218x150.jpg,http://1csabj4ddrd61fgqez2e4nss.wpengine.netdna-cdn.com/wp-content/uploads/wordpress-popular-posts/274001-featured-300x130.jpg,http://1csabj4ddrd61fgqez2e4nss.wpengine.netdna-cdn.com/wp-content/uploads/2017/07/food-stamps-ghetto-king-main-2-Lol-100x70.jpg,http://1csabj4ddrd61fgqez2e4nss.wpengine.netdna-cdn.com/wp-content/uploads/wordpress-popular-posts/274049-featured-300x130.jpg,http://1csabj4ddrd61fgqez2e4nss.wpengine.netdna-cdn.com/wp-content/uploads/2017/08/1-90-218x150.jpg,http://1csabj4ddrd61fgqez2e4nss.wpengine.netdna-cdn.com/wp-content/uploads/wordpress-popular-posts/274041-featured-300x130.jpg,http://1csabj4ddrd61fgqez2e4nss.wpengine.netdna-cdn.com/wp-content/uploads/2016/06/FD-Head.jpg,http://1csabj4ddrd61fgqez2e4nss.wpengine.netdna-cdn.com/wp-content/uploads/2017/08/wes-bellamy-racist-tweets-main-100x70.jpg,http://1csabj4ddrd61fgqez2e4nss.wpengine.netdna-cdn.com/wp-content/uploads/2017/08/1-84-100x70.jpg,http://1csabj4ddrd61fgqez2e4nss.wpengine.netdna-cdn.com/wp-content/uploads/2017/06/happy-us-soldier-with-baby-218x150.jpg,http://1csabj4ddrd61fgqez2e4nss.wpengine.netdna-cdn.com/wp-content/uploads/2017/08/antifa-ohio-beheading-main-218x150.jpg,http://1csabj4ddrd61fgqez2e4nss.wpengine.netdna-cdn.com/wp-content/uploads/2016/04/fd-large-logo-140x48.png,http://1csabj4ddrd61fgqez2e4nss.wpengine.netdna-cdn.com/wp-content/uploads/2016/09/whites-on-fire-700x340.jpg,http://1csabj4ddrd61fgqez2e4nss.wpengine.netdna-cdn.com/wp-content/uploads/2017/08/Huckabee-dry-218x150.jpg,http://1csabj4ddrd61fgqez2e4nss.wpengine.netdna-cdn.com/wp-content/uploads/wordpress-popular-posts/274093-featured-300x130.jpg,http://1csabj4ddrd61fgqez2e4nss.wpengine.netdna-cdn.com/wp-content/uploads/2017/08/Keandre-Funches-black-mama-main-100x70.jpg,http://1csabj4ddrd61fgqez2e4nss.wpengine.netdna-cdn.com/wp-content/uploads/wordpress-popular-posts/274030-featured-300x130.jpg,http://pixel.quantserve.com/pixel/p-52ePUfP6_NxQ_.gif,http://1csabj4ddrd61fgqez2e4nss.wpengine.netdna-cdn.com/wp-content/uploads/2017/08/kim-jong-huh-navy-seals-main-218x150.jpg,http://1csabj4ddrd61fgqez2e4nss.wpengine.netdna-cdn.com/wp-content/uploads/2017/08/blm-2-white-kid-chains-reparations-main-218x150.jpg,http://1csabj4ddrd61fgqez2e4nss.wpengine.netdna-cdn.com/wp-content/uploads/wordpress-popular-posts/274182-featured-300x130.jpg,http://1csabj4ddrd61fgqez2e4nss.wpengine.netdna-cdn.com/wp-content/uploads/2017/07/ventura-taya-kyle-main-7617-2-218x150.jpg,http://1csabj4ddrd61fgqez2e4nss.wpengine.netdna-cdn.com/wp-content/uploads/2017/08/1-83-100x70.jpg,http://1csabj4ddrd61fgqez2e4nss.wpengine.netdna-cdn.com/wp-content/uploads/2017/08/Police_sniper-rubio-main-218x150.jpg,http://1csabj4ddrd61fgqez2e4nss.wpengine.netdna-cdn.com/wp-content/uploads/2017/08/first-lady-218x150.jpg,http://1csabj4ddrd61fgqez2e4nss.wpengine.netdna-cdn.com/wp-content/uploads/2017/07/Dale-Comstock-and-Kyle-1024x595-100x70.jpg,http://1csabj4ddrd61fgqez2e4nss.wpengine.netdna-cdn.com/wp-content/uploads/2017/08/snowflakes-cover-218x150.jpg,http://1csabj4ddrd61fgqez2e4nss.wpengine.netdna-cdn.com/wp-content/uploads/wordpress-popular-posts/274152-featured-300x130.jpg,http://1csabj4ddrd61fgqez2e4nss.wpengine.netdna-cdn.com/wp-content/uploads/wordpress-popular-posts/274028-featured-300x130.jpg,http://1csabj4ddrd61fgqez2e4nss.wpengine.netdna-cdn.com/wp-content/uploads/wordpress-popular-posts/274091-featured-300x130.jpg",http://freedomdaily.com/white-men-set-on-fire-by-blacks-media-censored/,"{""googlebot"": ""noimageindex"", ""generator"": ""Powered by Visual Composer - drag and drop page builder for WordPress."", ""og"": {""site_name"": ""Freedom Daily"", ""description"": ""Sick video showing two men LIT ON FIRE in middle of a busy street"", ""title"": ""Two White Men Doused With Gasoline, Set On FIRE By Blacks - Media CENSORED (VIDEO) \u22c6 Freedom Daily"", ""locale"": ""en_US"", ""image"": {""width"": 1096, ""identifier"": ""http://freedomdaily.com/wp-content/uploads/2016/09/whites-on-fire.jpg"", ""height"": 630}, ""updated_time"": ""2016-11-17T04:07:09-07:00"", ""url"": ""http://freedomdaily.com/white-men-set-on-fire-by-blacks-media-censored/"", ""type"": ""article""}, ""twitter"": {""description"": ""Sick video showing two men LIT ON FIRE in middle of a busy street"", ""creator"": ""@TrendingViews1"", ""image"": ""http://freedomdaily.com/wp-content/uploads/2016/09/whites-on-fire.jpg"", ""title"": ""Two White Men Doused With Gasoline, Set On FIRE By Blacks - Media CENSORED (VIDEO) \u22c6 Freedom Daily"", ""site"": ""@Freedom_Daily"", ""card"": ""summary_large_image""}, ""robots"": ""noimageindex"", ""DC.date.issued"": ""2016-09-23T13:51:50-07:00"", ""fb"": {""app_id"": 967764079976426, ""pages"": 440106476051475}, ""msapplication-TileImage"": ""http://freedomdaily.com/wp-content/uploads/2016/12/cropped-site-icon-freedomdaily-270x270.png"", ""article"": {""publisher"": ""https://www.facebook.com/FreedomDailyNews/"", ""published_time"": ""2016-09-23T13:51:50-07:00"", ""author"": ""https://www.facebook.com/FrankLeaOne/"", ""section"": ""Crime"", ""modified_time"": ""2016-11-17T04:07:09-07:00"", ""tag"": ""crime""}, ""google-site-verification"": ""PS5t2tvK5BubwhM0jCExwVFXAb69FKhzwXlfzQQ2t9c"", ""viewport"": ""width=device-width, initial-scale=1.0""}",-5,444,-0.011261261,-26.8,439.0,-0.060765348,-35.8,444.4,-0.080489119,-46.0,456.8,-0.100405753,0.049504086,0.069227858,0.089144492,,,,,,,,,True
